,Location,tag_count,distinct_tags,degeneracy,sequence
0,chrIII_100708_+,1,1,1,b'ATTTAGAATTCAGTTCATTTA'
1,chrIII_101014_+,2,1,1,b'AAAACAACGACAGTAGAAAAT'
2,chrIII_101147_+,1,1,1,b'AGATGGGAAACAGAACTGCGC'
3,chrIII_101162_+,2,1,1,b'CTGCGCTGTTGGTGGCCCAGA'
4,chrIII_101165_+,3,1,1,b'CGCTGTTGGTGGCCCAGAGAA'
5,chrIII_101166_+,2,2,1,b'GCTGTTGGTGGCCCAGAGAAA'
6,chrIII_101167_+,1,1,1,b'CTGTTGGTGGCCCAGAGAAAC'
7,chrIII_101168_+,4,1,1,b'TGTTGGTGGCCCAGAGAAACT'
8,chrIII_101169_+,2,2,1,b'GTTGGTGGCCCAGAGAAACTG'
9,chrIII_101179_+,2,1,1,b'CAGAGAAACTGAAATTTTATT'
10,chrIII_101189_+,3,1,1,b'GAAATTTTATTGAGTGTTTTA'
11,chrIII_101190_+,3,1,2,b'AAATTTTATTGAGTGTTTTAT'
12,chrIII_101196_-,1,1,1,b'AAATCAATAAAACACTCAATA'
13,chrIII_101198_-,1,1,1,b'AAAAATCAATAAAACACTCAA'
14,chrIII_101214_-,1,1,3,b'AAATTAAAAAGAAAAAAAAAA'
15,chrIII_101219_+,12,3,1,b'TTTTTCTTTTTAATTTAATGC'
16,chrIII_101220_+,38,8,1,b'TTTTCTTTTTAATTTAATGCA'
17,chrIII_101220_-,2,2,14.5,b'TGCATTAAATTAAAAAGAAAA'
18,chrIII_101221_-,3,3,30.6667,b'TTGCATTAAATTAAAAAGAAA'
19,chrIII_101222_-,3,3,6.66667,b'ATTGCATTAAATTAAAAAGAA'
20,chrIII_101223_-,62,21,21.6935,b'CATTGCATTAAATTAAAAAGA'
21,chrIII_101224_+,7,2,2,b'CTTTTTAATTTAATGCAATGT'
22,chrIII_101225_+,1,1,1,b'TTTTTAATTTAATGCAATGTA'
23,chrIII_101226_-,1,1,5,b'ATACATTGCATTAAATTAAAA'
24,chrIII_101234_+,1,1,1,b'TAATGCAATGTATACATTTAC'
25,chrIII_101241_-,1,1,1,b'ATTTTATGTAAATGTATACAT'
26,chrIII_101242_-,1,1,1,b'TATTTTATGTAAATGTATACA'
27,chrIII_101255_-,1,1,3,b'TCTTATTTGTCCATATTTTAT'
28,chrIII_101257_-,1,1,1,b'TTTCTTATTTGTCCATATTTT'
29,chrIII_101261_+,2,1,1,b'TATGGACAAATAAGAAAAAGG'
30,chrIII_101264_-,1,1,1,b'CCCCCTTTTTCTTATTTGTCC'
31,chrIII_101265_-,1,1,2,b'TCCCCCTTTTTCTTATTTGTC'
32,chrIII_101289_+,1,1,1,b'ACCTCCCACTTAAGTAAAACT'
33,chrIII_101292_-,4,1,1,b'TTCAGTTTTACTTAAGTGGGA'
34,chrIII_101293_+,1,1,1,b'CCCACTTAAGTAAAACTGAAT'
35,chrIII_101293_-,1,1,1,b'ATTCAGTTTTACTTAAGTGGG'
36,chrIII_101294_+,2,2,1,b'CCACTTAAGTAAAACTGAATA'
37,chrIII_1012_-,1,1,14,b'ATATTGACATAAGTGTGTATA'
38,chrIII_101300_-,1,1,1,b'CTAATATATTCAGTTTTACTT'
39,chrIII_101317_-,2,1,1,b'ATAGTAGGTAAAGGTATCTAA'
40,chrIII_101318_-,1,1,1,b'GATAGTAGGTAAAGGTATCTA'
41,chrIII_101322_-,1,1,1,b'CTTTGATAGTAGGTAAAGGTA'
